team,seed,region,kenpom_Elite8,yahoo_Elite8,value_Elite8,kenpom_Final4,yahoo_Final4,value_Final4,kenpom_Final,yahoo_Final,value_Final,kenpom_Champ,yahoo_Champ,value_Champ
Duke,1,E,0.689608,0.7845749999999999,0.8789573973170188,0.528029,0.6312789999999999,0.8364431574628651,0.352779,0.47533099999999995,0.7421754524741707,0.213534,0.283718,0.7526276091048153
Michigan,1,MW,0.707049,0.8082290000000001,0.8748127077845511,0.49869,0.601808,0.8286529923164864,0.307417,0.279887,1.0983611243108826,0.18386,0.142875,1.286859142607174
Arizona,1,W,0.686482,0.7681910000000001,0.8936345257885083,0.494496,0.590978,0.836741807647662,0.299825,0.413745,0.7246613252123894,0.179471,0.21918700000000002,0.8188031224479553
Florida,1,S,0.532825,0.762984,0.6983436087781657,0.302284,0.410014,0.7372528742920974,0.156736,0.136492,1.1483163848430675,0.076044,0.062829,1.2103328080981712
Houston,2,S,0.436377,0.62608,0.6969987860976233,0.250477,0.357738,0.7001688386472782,0.127943,0.141536,0.903960829753561,0.060993,0.057416999999999996,1.0622812059146247
Iowa State,2,MW,0.49658,0.543119,0.9143115965377754,0.231748,0.18645199999999998,1.2429365198549762,0.113768,0.053706,2.1183480430491937,0.054043,0.020122,2.685766822383461
Illinois,3,S,0.407724,0.218466,1.866304138859136,0.222622,0.102133,2.1797264351384955,0.107572,0.034029,3.1611860471950397,0.048175,0.012282,3.92240677414102
Purdue,2,W,0.46706,0.527874,0.8847944774700024,0.208808,0.15659499999999998,1.3334269931990166,0.094626,0.072594,1.303496156707166,0.042502,0.030834,1.3784134397094117
UConn,2,E,0.355107,0.499082,0.7115203513651063,0.129103,0.137483,0.9390470094484409,0.053839,0.071875,0.749064347826087,0.019068,0.0353,0.5401699716713881
Michigan State,3,E,0.328377,0.36412,0.9018373063825111,0.12144,0.09253299999999999,1.312396658489404,0.051873,0.041052,1.263592516807951,0.018516,0.014221,1.3020181421840942
Gonzaga,3,W,0.315836,0.298758,1.0571633228231545,0.117914,0.094137,1.2525786885071757,0.044702,0.04551,0.9822456602944407,0.016792,0.018187,0.9232968603947876
Vanderbilt,5,S,0.189446,0.107765,1.7579548090753028,0.079534,0.027789,2.862067724639245,0.030341,0.007305000000000001,4.153456536618754,0.010418,0.00255,4.085490196078431
Virginia,3,MW,0.23096,0.246006,0.9388388901083713,0.077955,0.070836,1.1004997458919195,0.028376,0.021762999999999998,1.3038643569360842,0.009952,0.007379,1.3486922347201518
Nebraska,4,S,0.185022,0.060148,3.076112256434129,0.072558,0.017993,4.032568220974824,0.025793,0.005861,4.400784849001877,0.008066,0.002692,2.9962852897473997
Arkansas,4,W,0.159691,0.10730600000000001,1.4881833261886566,0.071994,0.063762,1.1291051096264233,0.023826,0.028637000000000003,0.8320005587177427,0.007845,0.012238,0.6410361170125837
St. John's,5,E,0.12729,0.099919,1.2739318848267096,0.062086,0.053666,1.1568963589609809,0.022937,0.022879999999999998,1.0024912587412589,0.006972,0.010541,0.6614173228346456
Tennessee,6,MW,0.158326,0.09324,1.698048048048048,0.051526,0.018314,2.8134760292672274,0.018043,0.005867,3.0753366286006476,0.006042,0.002327,2.596476149548775
Alabama,4,MW,0.128249,0.092089,1.3926636188904211,0.054786,0.039906000000000004,1.3728762592091415,0.018192,0.011966000000000001,1.5203075380244024,0.005901,0.004409,1.3383987298707192
Louisville,6,E,0.172133,0.045087,3.817796704149755,0.052452,0.006391,8.207166327648256,0.018767,0.002455,7.644399185336048,0.005465,0.001086,5.032228360957643
Texas Tech,5,MW,0.112741,0.047737999999999996,2.3616615693996397,0.047304,0.017363,2.724413983758567,0.01578,0.005647,2.7944041083761286,0.005067,0.00207,2.447826086956522
Kansas,4,E,0.114286,0.07760500000000001,1.4726628438889244,0.051271,0.040601000000000005,1.2628014088322945,0.017287,0.023073999999999997,0.7491982317760251,0.004753,0.014072,0.33776293348493464
Wisconsin,5,W,0.09304,0.064108,1.451300929681163,0.036438,0.027655,1.3175917555595733,0.010108,0.013863,0.7291351078410157,0.002805,0.008254000000000001,0.33983523140295613
BYU,6,W,0.092086,0.085305,1.079491237324893,0.0249,0.014865,1.6750756811301715,0.006804,0.006563,1.0367210117324395,0.00186,0.002553,0.7285546415981199
St. Mary's,7,S,0.066938,0.017754000000000002,3.770305283316435,0.022535,0.005564,4.050143781452192,0.006766,0.0016200000000000001,4.176543209876543,0.001728,0.000626,2.7603833865814695
UCLA,7,E,0.099529,0.060269,1.6514128324677695,0.024629,0.009514,2.5887113727138957,0.007121,0.004547,1.5660875302397186,0.001681,0.002496,0.6734775641025641
Ohio St.,8,E,0.047468,0.017109,2.7744461979075346,0.019103,0.009908,1.9280379491320143,0.005712,0.0032379999999999996,1.7640518838789379,0.001393,0.001941,0.717671303451829
Iowa,9,S,0.058782,0.02642,2.2249053747161245,0.01892,0.004622,4.09346603202077,0.005394,0.0017230000000000001,3.130586186883343,0.001284,0.000782,1.641943734015345
Kentucky,7,MW,0.058482,0.073913,0.7912275242514848,0.013487,0.026557,0.5078510373912716,0.003385,0.014328,0.23625069793411502,0.000874,0.003425,0.2551824817518248
Miami (FL),7,W,0.066773,0.045431,1.4697673394818516,0.015118,0.012535000000000001,1.2060630235341043,0.003438,0.004224,0.8139204545454545,0.000803,0.001711,0.4693161893629456
North Carolina,6,S,0.047553,0.090145,0.5275167785234899,0.013697,0.036688,0.3733373310074139,0.003371,0.008799,0.3831117172405955,0.000695,0.004426,0.15702666064166287
Utah St.,9,W,0.03126,,,0.01056,,,0.00247,,,0.00056,,
Villanova,8,W,0.027221,0.024012,1.133641512577045,0.008783,0.007579,1.1588600079166116,0.001989,0.003656,0.5440371991247265,0.000459,0.0015240000000000002,0.3011811023622047
Georgia,8,MW,0.029115,0.012322,2.3628469404317483,0.008991,0.005339,1.6840232253230945,0.002083,0.002199,0.9472487494315599,0.000445,0.001048,0.42461832061068694
Clemson,8,S,0.027627,0.014627,1.888767348054967,0.007185,0.005430000000000001,1.3232044198895025,0.001663,0.001842,0.9028230184581976,0.000336,0.000825,0.40727272727272723
Santa Clara,10,MW,0.035169,0.010236,3.435814771395076,0.006777,0.002726,2.4860601614086573,0.001491,0.001021,1.4603330068560234,0.000287,0.000478,0.6004184100418409
Texas A&M,10,S,0.021765,0.013328,1.6330282112845138,0.005215,0.0046949999999999995,1.1107561235356764,0.001135,0.001798,0.6312569521690767,0.000216,0.000805,0.2683229813664596
NC State,11,W,0.020389,,,0.004258,,,0.000881,,,0.000181,,
Saint Louis,9,MW,0.015931,0.009599,1.6596520470882385,0.004233,0.003725,1.1363758389261744,0.000868,0.001446,0.6002766251728907,0.000161,0.000697,0.2309899569583931
Texas,11,W,0.018074,0.006478,2.7900586600802715,0.003573,0.0021360000000000003,1.6727528089887638,0.000727,0.0008719999999999999,0.8337155963302753,0.000155,0.00041799999999999997,0.37081339712918665
TCU,9,E,0.014525,0.005835,2.4892887746358183,0.004268,0.0025480000000000004,1.6750392464678177,0.000886,0.001087,0.8150873965041397,0.000136,0.000504,0.2698412698412698
VCU,11,S,0.019222,0.0076359999999999996,2.5172865374541646,0.004074,0.002327,1.7507520412548347,0.000767,0.0008690000000000001,0.8826237054085154,0.000118,0.00036700000000000003,0.3215258855585831
SMU,11,MW,0.019418,,,0.003356,,,0.000644,,,0.000117,,
South Florida,11,E,0.022242,0.011304000000000002,1.9676220806794054,0.003368,0.0027489999999999997,1.225172790105493,0.000578,0.000993,0.5820745216515609,7e-05,0.00046100000000000004,0.15184381778741862
Missouri,10,W,0.019513,0.01085,1.7984331797235023,0.00289,0.002984,0.9684986595174263,0.000427,0.001249,0.3418734987990393,5.8e-05,0.00062,0.0935483870967742
UCF,10,E,0.020804,0.007254,2.8679349324510612,0.002821,0.001914,1.4738766980146292,0.000452,0.000791,0.5714285714285714,5.5e-05,0.00037,0.14864864864864866
Northern Iowa,12,E,0.005674,0.0040479999999999995,1.4016798418972334,0.001209,0.001722,0.7020905923344948,0.000153,0.000675,0.22666666666666666,1.6e-05,0.000334,0.04790419161676647
McNeese,12,S,0.005953,0.005724,1.0400069881201957,0.000858,0.002319,0.369987063389392,0.000115,0.000891,0.12906846240179573,1.4e-05,0.000423,0.03309692671394799
Akron,12,MW,0.004572,0.005084,0.8992918961447678,0.000764,0.002081,0.3671311869293609,9.3e-05,0.000887,0.10484780157835401,8e-06,0.00041799999999999997,0.019138755980861243
Hofstra,13,MW,0.002327,0.004171,0.5578997842244066,0.000329,0.0017699999999999999,0.18587570621468927,2.6e-05,0.0007599999999999999,0.034210526315789476,4e-06,0.000335,0.011940298507462685
California Baptist,13,E,0.001098,0.0031940000000000002,0.3437695679398873,0.000121,0.001357,0.08916728076639646,1.1e-05,0.000634,0.017350157728706624,2e-06,0.000268,0.007462686567164178
High Point,12,W,0.001539,0.0046500000000000005,0.33096774193548384,0.000182,0.001865,0.09758713136729223,7e-06,0.0007639999999999999,0.009162303664921467,0.0,0.000333,0.0
North Dakota State,14,E,0.001577,0.0033789999999999996,0.46670612607280265,9.2e-05,0.001328,0.06927710843373494,6e-06,0.000623,0.009630818619582666,0.0,0.000287,0.0
Hawaii,13,W,0.000754,0.005345,0.141066417212348,8.1e-05,0.002383,0.03399076793957197,3e-06,0.001159,0.0025884383088869713,0.0,0.000593,0.0
Troy,13,S,0.000343,0.004005,0.08564294631710362,2.7e-05,0.001606,0.01681195516811955,2e-06,0.000631,0.0031695721077654514,0.0,0.000262,0.0
Miami (OH),11,MW,0.000594,,,4.1e-05,,,1e-06,,,0.0,,
Siena,16,E,5.1e-05,0.003202,0.015927545284197375,4e-06,0.0018590000000000002,0.002151694459386767,1e-06,0.000952,0.0010504201680672268,0.0,0.000448,0.0
Wright St.,14,MW,0.000418,,,1.1e-05,,,0.0,,,0.0,,
Penn,14,S,0.00019,,,8e-06,,,0.0,,,0.0,,
Idaho,15,S,0.000231,0.004462,0.051770506499327656,6e-06,0.0016370000000000002,0.003665241295051924,0.0,0.000693,0.0,0.0,0.000327,0.0
Furman,15,E,0.000231,0.003977,0.05808398290168469,4e-06,0.0013900000000000002,0.0028776978417266183,0.0,0.000593,0.0,0.0,0.000252,0.0
Kennesaw State,14,W,0.000164,0.0031929999999999997,0.05136235515189477,3e-06,0.0012859999999999998,0.0023328149300155523,0.0,0.000556,0.0,0.0,0.000259,0.0
Queens,15,W,0.000105,0.0043690000000000005,0.024032959487296862,2e-06,0.001614,0.0012391573729863693,0.0,0.000665,0.0,0.0,0.000308,0.0
Tennessee State,15,MW,5.3e-05,0.004817,0.01100269877517127,1e-06,0.001686,0.0005931198102016607,0.0,0.000749,0.0,0.0,0.000313,0.0
UMBC,16,MW,1e-05,,,1e-06,,,0.0,,,0.0,,
LIU,16,W,1.3e-05,,,0.0,,,0.0,,,0.0,,
Howard,16,MW,6e-06,,,0.0,,,0.0,,,0.0,,
Lehigh,16,S,2e-06,,,0.0,,,0.0,,,0.0,,
Prairie View A&M,16,S,0.0,,,0.0,,,0.0,,,0.0,,
